날짜,요일,홈,방문,구장,관중수
2024/03/23,토,LG,한화,잠실,"23,750"
2024/03/23,토,SSG,롯데,문학,"23,000"
2024/03/23,토,NC,두산,창원,"17,891"
2024/03/23,토,KT,삼성,수원,"18,700"
2024/03/23,토,KIA,키움,광주,"20,500"
2024/03/24,일,LG,한화,잠실,"23,750"
2024/03/24,일,SSG,롯데,문학,"23,000"
2024/03/24,일,NC,두산,창원,"14,555"
2024/03/24,일,KT,삼성,수원,"18,700"
2024/03/26,화,SSG,한화,문학,"10,541"
2024/03/26,화,KIA,롯데,광주,"7,328"
2024/03/26,화,KT,두산,수원,"4,378"
2024/03/26,화,LG,삼성,잠실,"14,229"
2024/03/26,화,NC,키움,창원,"2,839"
2024/03/27,수,SSG,한화,문학,"11,005"
2024/03/27,수,KIA,롯데,광주,"8,672"
2024/03/27,수,KT,두산,수원,"5,271"
2024/03/27,수,LG,삼성,잠실,"18,041"
2024/03/27,수,NC,키움,창원,"3,681"
2024/03/28,목,SSG,한화,문학,"11,755"
2024/03/28,목,KT,두산,수원,"4,304"
2024/03/28,목,LG,삼성,잠실,"13,420"
2024/03/29,금,두산,KIA,잠실,"23,750"
2024/03/29,금,한화,KT,한밭,"12,000"
2024/03/29,금,키움,LG,고척,"8,465"
2024/03/29,금,롯데,NC,사직,"21,554"
2024/03/29,금,삼성,SSG,대구,"21,479"
2024/03/30,토,두산,KIA,잠실,"23,750"
2024/03/30,토,한화,KT,한밭,"12,000"
2024/03/30,토,키움,LG,고척,"13,462"
2024/03/30,토,롯데,NC,사직,"22,754"
2024/03/30,토,삼성,SSG,대구,"24,000"
2024/03/31,일,두산,KIA,잠실,"23,750"
2024/03/31,일,한화,KT,한밭,"12,000"
2024/03/31,일,키움,LG,고척,"11,822"
2024/03/31,일,롯데,NC,사직,"21,578"
2024/03/31,일,삼성,SSG,대구,"22,886"
2024/04/02,화,KT,KIA,수원,"9,682"
2024/04/02,화,한화,롯데,한밭,"12,000"
2024/04/02,화,LG,NC,잠실,"11,845"
2024/04/02,화,SSG,두산,문학,"12,379"
2024/04/02,화,삼성,키움,대구,"8,541"
2024/04/03,수,KT,KIA,수원,"8,050"
2024/04/03,수,LG,NC,잠실,"10,239"
2024/04/03,수,SSG,두산,문학,"12,128"
2024/04/04,목,KT,KIA,수원,"10,722"
2024/04/04,목,한화,롯데,한밭,"12,000"
2024/04/04,목,LG,NC,잠실,"11,406"
2024/04/04,목,SSG,두산,문학,"14,249"
2024/04/04,목,삼성,키움,대구,"8,193"
2024/04/05,금,키움,한화,고척,"16,000"
2024/04/05,금,LG,KT,잠실,"13,818"
2024/04/05,금,롯데,두산,사직,"12,289"
2024/04/05,금,NC,SSG,창원,"5,452"
2024/04/05,금,KIA,삼성,광주,"14,233"
2024/04/06,토,키움,한화,고척,"16,000"
2024/04/06,토,LG,KT,잠실,"21,824"
2024/04/06,토,롯데,두산,사직,"19,208"
2024/04/06,토,NC,SSG,창원,"11,064"
2024/04/06,토,KIA,삼성,광주,"20,500"
2024/04/07,일,키움,한화,고척,"16,000"
2024/04/07,일,LG,KT,잠실,"19,249"
2024/04/07,일,롯데,두산,사직,"16,755"
2024/04/07,일,NC,SSG,창원,"8,861"
2024/04/07,일,KIA,삼성,광주,"20,500"
2024/04/09,화,두산,한화,잠실,"23,598"
2024/04/09,화,NC,KT,창원,"4,918"
2024/04/09,화,KIA,LG,광주,"11,817"
2024/04/09,화,롯데,삼성,사직,"15,076"
2024/04/09,화,SSG,키움,문학,"9,468"
2024/04/10,수,두산,한화,잠실,"23,750"
2024/04/10,수,NC,KT,창원,"9,895"
2024/04/10,수,KIA,LG,광주,"20,500"
2024/04/10,수,롯데,삼성,사직,"22,758"
2024/04/10,수,SSG,키움,문학,"20,511"
2024/04/11,목,두산,한화,잠실,"22,157"
2024/04/11,목,NC,KT,창원,"3,311"
2024/04/11,목,KIA,LG,광주,"11,475"
2024/04/11,목,롯데,삼성,사직,"11,628"
2024/04/11,목,SSG,키움,문학,"7,250"
2024/04/12,금,한화,KIA,한밭,"12,000"
2024/04/12,금,두산,LG,잠실,"19,916"
2024/04/12,금,키움,롯데,고척,"8,838"
2024/04/12,금,삼성,NC,대구,"13,104"
2024/04/12,금,KT,SSG,수원,"6,912"
2024/04/13,토,한화,KIA,한밭,"12,000"
2024/04/13,토,두산,LG,잠실,"23,750"
2024/04/13,토,키움,롯데,고척,"14,197"
2024/04/13,토,삼성,NC,대구,"24,000"
2024/04/13,토,KT,SSG,수원,"13,995"
2024/04/14,일,한화,KIA,한밭,"12,000"
2024/04/14,일,두산,LG,잠실,"22,586"
2024/04/14,일,키움,롯데,고척,"12,333"
2024/04/14,일,삼성,NC,대구,"20,667"
2024/04/14,일,KT,SSG,수원,"11,280"
2024/04/16,화,NC,한화,창원,"4,658"
2024/04/16,화,SSG,KIA,문학,"12,712"
2024/04/16,화,키움,KT,고척,"2,877"
2024/04/16,화,LG,롯데,잠실,"16,635"
2024/04/16,화,삼성,두산,대구,"7,793"
2024/04/17,수,NC,한화,창원,"9,921"
2024/04/17,수,SSG,KIA,문학,"16,062"
2024/04/17,수,키움,KT,고척,"3,272"
2024/04/17,수,LG,롯데,잠실,"16,509"
2024/04/17,수,삼성,두산,대구,"8,393"
2024/04/18,목,SSG,KIA,문학,"14,263"
2024/04/18,목,키움,KT,고척,"2,901"
2024/04/18,목,LG,롯데,잠실,"18,200"
2024/04/18,목,삼성,두산,대구,"8,697"
2024/04/19,금,롯데,KT,사직,"10,636"
2024/04/19,금,SSG,LG,문학,"14,097"
2024/04/19,금,KIA,NC,광주,"16,889"
2024/04/19,금,한화,삼성,한밭,"12,000"
2024/04/19,금,두산,키움,잠실,"10,649"
2024/04/20,토,KIA,NC,광주,"17,462"
2024/04/20,토,한화,삼성,한밭,"12,000"
2024/04/21,일,롯데,KT,사직,"14,423"
2024/04/21,일,롯데,KT,사직,"7,582"
2024/04/21,일,SSG,LG,문학,"19,858"
2024/04/21,일,SSG,LG,문학,"9,656"
2024/04/21,일,KIA,NC,광주,"20,500"
2024/04/21,일,한화,삼성,한밭,"12,000"
2024/04/21,일,두산,키움,잠실,"13,745"
2024/04/21,일,두산,키움,잠실,"6,197"
2024/04/23,화,KT,한화,수원,"10,887"
2024/04/23,화,키움,KIA,고척,"10,205"
2024/04/23,화,삼성,LG,대구,"7,494"
2024/04/23,화,두산,NC,잠실,"5,664"
2024/04/24,수,KT,한화,수원,"12,538"
2024/04/24,수,키움,KIA,고척,"11,048"
2024/04/24,수,삼성,LG,대구,"10,159"
2024/04/24,수,두산,NC,잠실,"6,444"
2024/04/24,수,롯데,SSG,사직,"8,499"
2024/04/25,목,KT,한화,수원,"11,247"
2024/04/25,목,키움,KIA,고척,"13,287"
2024/04/25,목,삼성,LG,대구,"12,012"
2024/04/25,목,두산,NC,잠실,"7,385"
2024/04/25,목,롯데,SSG,사직,"10,518"
2024/04/26,금,LG,KIA,잠실,"23,750"
2024/04/26,금,SSG,KT,문학,"10,075"
2024/04/26,금,NC,롯데,창원,"16,573"
2024/04/26,금,한화,두산,한밭,"12,000"
2024/04/26,금,키움,삼성,고척,"9,519"
2024/04/27,토,LG,KIA,잠실,"23,750"
2024/04/27,토,SSG,KT,문학,"16,957"
2024/04/27,토,NC,롯데,창원,"17,891"
2024/04/27,토,한화,두산,한밭,"12,000"
2024/04/27,토,키움,삼성,고척,"15,073"
2024/04/28,일,LG,KIA,잠실,"23,750"
2024/04/28,일,SSG,KT,문학,"13,196"
2024/04/28,일,NC,롯데,창원,"17,891"
2024/04/28,일,한화,두산,한밭,"12,000"
2024/04/28,일,키움,삼성,고척,"13,354"
2024/04/30,화,KIA,KT,광주,"17,210"
2024/04/30,화,NC,LG,창원,"7,278"
2024/04/30,화,한화,SSG,한밭,"12,000"
2024/04/30,화,두산,삼성,잠실,"20,170"
2024/04/30,화,롯데,키움,사직,"13,376"
2024/05/01,수,KIA,KT,광주,"17,402"
2024/05/01,수,NC,LG,창원,"10,397"
2024/05/01,수,한화,SSG,한밭,"12,000"
2024/05/01,수,두산,삼성,잠실,"23,750"
2024/05/01,수,롯데,키움,사직,"14,791"
2024/05/02,목,KIA,KT,광주,"16,502"
2024/05/02,목,NC,LG,창원,"6,338"
2024/05/02,목,한화,SSG,한밭,"10,890"
2024/05/02,목,두산,삼성,잠실,"20,395"
2024/05/02,목,롯데,키움,사직,"12,569"
2024/05/03,금,KIA,한화,광주,"20,500"
2024/05/03,금,삼성,롯데,대구,"24,000"
2024/05/03,금,SSG,NC,문학,"13,737"
2024/05/03,금,LG,두산,잠실,"23,750"
2024/05/03,금,KT,키움,수원,"8,213"
2024/05/04,토,KIA,한화,광주,"20,500"
2024/05/04,토,삼성,롯데,대구,"24,000"
2024/05/04,토,SSG,NC,문학,"22,079"
2024/05/04,토,LG,두산,잠실,"23,750"
2024/05/04,토,KT,키움,수원,"14,620"
2024/05/07,화,키움,두산,고척,"7,339"
2024/05/07,화,LG,SSG,잠실,"13,387"
2024/05/08,수,롯데,한화,사직,"11,407"
2024/05/08,수,삼성,KIA,대구,"15,421"
2024/05/08,수,KT,NC,수원,"4,480"
2024/05/08,수,키움,두산,고척,"6,405"
2024/05/08,수,LG,SSG,잠실,"15,699"
2024/05/09,목,롯데,한화,사직,"12,774"
2024/05/09,목,삼성,KIA,대구,"16,769"
2024/05/09,목,KT,NC,수원,"6,369"
2024/05/09,목,키움,두산,고척,"8,658"
2024/05/09,목,LG,SSG,잠실,"16,823"
2024/05/10,금,두산,KT,잠실,"13,013"
2024/05/10,금,롯데,LG,사직,"15,731"
2024/05/10,금,KIA,SSG,광주,"18,895"
2024/05/10,금,NC,삼성,창원,"12,438"
2024/05/10,금,한화,키움,한밭,"12,000"
2024/05/11,토,롯데,LG,사직,"22,758"
2024/05/11,토,NC,삼성,창원,"17,891"
2024/05/11,토,한화,키움,한밭,"12,000"
2024/05/12,일,두산,KT,잠실,"16,308"
2024/05/12,일,두산,KT,잠실,"9,026"
2024/05/12,일,롯데,LG,사직,"18,914"
2024/05/12,일,KIA,SSG,광주,"20,500"
2024/05/12,일,KIA,SSG,광주,"12,743"
2024/05/12,일,NC,삼성,창원,"16,181"
2024/05/12,일,한화,키움,한밭,"12,000"
2024/05/14,화,KT,롯데,수원,"10,120"
2024/05/14,화,한화,NC,한밭,"12,000"
2024/05/14,화,KIA,두산,광주,"18,675"
2024/05/14,화,SSG,삼성,문학,"16,595"
2024/05/14,화,LG,키움,잠실,"18,479"
2024/05/15,수,한화,NC,한밭,"12,000"
2024/05/15,수,KIA,두산,광주,"20,500"
2024/05/16,목,KT,롯데,수원,"8,312"
2024/05/16,목,한화,NC,한밭,"9,522"
2024/05/16,목,KIA,두산,광주,"15,996"
2024/05/16,목,SSG,삼성,문학,"13,791"
2024/05/16,목,LG,키움,잠실,"15,054"
2024/05/17,금,삼성,한화,대구,"24,000"
2024/05/17,금,NC,KIA,창원,"12,280"
2024/05/17,금,KT,LG,수원,"11,374"
2024/05/17,금,두산,롯데,잠실,"23,750"
2024/05/17,금,키움,SSG,고척,"9,806"
2024/05/18,토,삼성,한화,대구,"24,000"
2024/05/18,토,NC,KIA,창원,"17,891"
2024/05/18,토,KT,LG,수원,"18,700"
2024/05/18,토,두산,롯데,잠실,"23,750"
2024/05/18,토,키움,SSG,고척,"12,133"
2024/05/19,일,삼성,한화,대구,"24,000"
2024/05/19,일,NC,KIA,창원,"16,253"
2024/05/19,일,KT,LG,수원,"15,912"
2024/05/19,일,두산,롯데,잠실,"23,750"
2024/05/19,일,키움,SSG,고척,"10,049"
2024/05/21,화,롯데,KIA,사직,"14,006"
2024/05/21,화,삼성,KT,대구,"13,360"
2024/05/21,화,한화,LG,한밭,"9,335"
2024/05/21,화,키움,NC,고척,"3,940"
2024/05/21,화,두산,SSG,잠실,"13,917"
2024/05/22,수,롯데,KIA,사직,"14,062"
2024/05/22,수,삼성,KT,대구,"13,232"
2024/05/22,수,한화,LG,한밭,"9,044"
2024/05/22,수,키움,NC,고척,"4,337"
2024/05/22,수,두산,SSG,잠실,"12,642"
2024/05/23,목,롯데,KIA,사직,"15,844"
2024/05/23,목,삼성,KT,대구,"13,291"
2024/05/23,목,한화,LG,한밭,"10,008"
2024/05/23,목,키움,NC,고척,"3,897"
2024/05/23,목,두산,SSG,잠실,"12,131"
2024/05/24,금,SSG,한화,문학,"22,451"
2024/05/24,금,LG,NC,잠실,"18,551"
2024/05/24,금,KIA,두산,광주,"20,500"
2024/05/24,금,롯데,삼성,사직,"20,577"
2024/05/24,금,KT,키움,수원,"6,867"
2024/05/25,토,SSG,한화,문학,"23,000"
2024/05/25,토,LG,NC,잠실,"22,261"
2024/05/25,토,KIA,두산,광주,"20,500"
2024/05/25,토,롯데,삼성,사직,"22,758"
2024/05/25,토,KT,키움,수원,"12,425"
2024/05/26,일,LG,NC,잠실,"17,692"
2024/05/26,일,KIA,두산,광주,"20,500"
2024/05/26,일,롯데,삼성,사직,"22,758"
2024/05/28,화,NC,KIA,창원,"8,024"
2024/05/28,화,두산,KT,잠실,"8,459"
2024/05/28,화,SSG,LG,문학,"14,116"
2024/05/28,화,한화,롯데,한밭,"11,168"
2024/05/28,화,삼성,키움,대구,"10,884"
2024/05/29,수,NC,KIA,창원,"7,994"
2024/05/29,수,두산,KT,잠실,"8,811"
2024/05/29,수,SSG,LG,문학,"14,413"
2024/05/29,수,한화,롯데,한밭,"10,807"
2024/05/29,수,삼성,키움,대구,"15,080"
2024/05/30,목,NC,KIA,창원,"7,349"
2024/05/30,목,두산,KT,잠실,"7,915"
2024/05/30,목,SSG,LG,문학,"15,902"
2024/05/30,목,한화,롯데,한밭,"11,405"
2024/05/30,목,삼성,키움,대구,"12,748"
2024/05/31,금,삼성,한화,대구,"24,000"
2024/05/31,금,KIA,KT,광주,"20,500"
2024/05/31,금,두산,LG,잠실,"23,750"
2024/05/31,금,롯데,NC,사직,"17,760"
2024/05/31,금,키움,SSG,고척,"5,680"
2024/06/01,토,삼성,한화,대구,"24,000"
2024/06/01,토,KIA,KT,광주,"20,500"
2024/06/01,토,두산,LG,잠실,"23,750"
2024/06/01,토,롯데,NC,사직,"22,758"
2024/06/01,토,키움,SSG,고척,"10,462"
2024/06/02,일,삼성,한화,대구,"24,000"
2024/06/02,일,KIA,KT,광주,"20,500"
2024/06/02,일,두산,LG,잠실,"23,750"
2024/06/02,일,롯데,NC,사직,"21,896"
2024/06/02,일,키움,SSG,고척,"8,745"
2024/06/04,화,KT,한화,수원,"11,426"
2024/06/04,화,KIA,롯데,광주,"16,158"
2024/06/04,화,NC,두산,창원,"5,448"
2024/06/04,화,SSG,삼성,문학,"10,135"
2024/06/04,화,LG,키움,잠실,"14,490"
2024/06/05,수,KT,한화,수원,"14,626"
2024/06/05,수,KIA,롯데,광주,"19,045"
2024/06/05,수,NC,두산,창원,"9,892"
2024/06/05,수,SSG,삼성,문학,"14,532"
2024/06/05,수,LG,키움,잠실,"16,681"
2024/06/06,목,KT,한화,수원,"18,700"
2024/06/06,목,KIA,롯데,광주,"20,500"
2024/06/06,목,NC,두산,창원,"14,517"
2024/06/06,목,SSG,삼성,문학,"23,000"
2024/06/06,목,LG,키움,잠실,"23,750"
2024/06/07,금,두산,KIA,잠실,"23,750"
2024/06/07,금,KT,LG,수원,"13,154"
2024/06/07,금,한화,NC,한밭,"12,000"
2024/06/07,금,롯데,SSG,사직,"20,678"
2024/06/07,금,키움,삼성,고척,"12,636"
2024/06/08,토,두산,KIA,잠실,"23,750"
2024/06/08,토,KT,LG,수원,"18,700"
2024/06/08,토,한화,NC,한밭,"12,000"
2024/06/08,토,키움,삼성,고척,"16,000"
2024/06/09,일,두산,KIA,잠실,"23,750"
2024/06/09,일,KT,LG,수원,"13,642"
2024/06/09,일,한화,NC,한밭,"12,000"
2024/06/09,일,롯데,SSG,사직,"13,700"
2024/06/09,일,롯데,SSG,사직,"22,758"
2024/06/09,일,키움,삼성,고척,"13,509"
2024/06/11,화,두산,한화,잠실,"18,475"
2024/06/11,화,SSG,KIA,문학,"16,007"
2024/06/11,화,NC,KT,창원,"4,279"
2024/06/11,화,삼성,LG,대구,"12,436"
2024/06/11,화,롯데,키움,사직,"9,948"
2024/06/12,수,두산,한화,잠실,"21,630"
2024/06/12,수,SSG,KIA,문학,"16,483"
2024/06/12,수,NC,KT,창원,"4,123"
2024/06/12,수,삼성,LG,대구,"13,511"
2024/06/12,수,롯데,키움,사직,"11,390"
2024/06/13,목,두산,한화,잠실,"20,253"
2024/06/13,목,SSG,KIA,문학,"18,290"
2024/06/13,목,NC,KT,창원,"3,764"
2024/06/13,목,삼성,LG,대구,"14,485"
2024/06/13,목,롯데,키움,사직,"11,941"
2024/06/14,금,KT,KIA,수원,"18,420"
2024/06/14,금,LG,롯데,잠실,"23,750"
2024/06/14,금,키움,두산,고척,"8,680"
2024/06/14,금,한화,SSG,한밭,"12,000"
2024/06/14,금,NC,삼성,창원,"12,394"
2024/06/15,토,KT,KIA,수원,"18,700"
2024/06/15,토,LG,롯데,잠실,"23,750"
2024/06/15,토,키움,두산,고척,"13,954"
2024/06/15,토,한화,SSG,한밭,"12,000"
2024/06/15,토,NC,삼성,창원,"17,891"
2024/06/16,일,KT,KIA,수원,"18,700"
2024/06/16,일,LG,롯데,잠실,"23,750"
2024/06/16,일,키움,두산,고척,"13,184"
2024/06/16,일,한화,SSG,한밭,"12,000"
2024/06/16,일,NC,삼성,창원,"12,860"
2024/06/18,화,KIA,LG,광주,"18,131"
2024/06/18,화,KT,롯데,수원,"8,491"
2024/06/18,화,두산,NC,잠실,"9,026"
2024/06/18,화,삼성,SSG,대구,"10,426"
2024/06/18,화,한화,키움,청주,"9,000"
2024/06/19,수,KIA,LG,광주,"15,056"
2024/06/19,수,KT,롯데,수원,"9,106"
2024/06/19,수,두산,NC,잠실,"11,984"
2024/06/19,수,삼성,SSG,대구,"11,488"
2024/06/19,수,한화,키움,청주,"9,000"
2024/06/20,목,KIA,LG,광주,"14,009"
2024/06/20,목,KT,롯데,수원,"10,496"
2024/06/20,목,두산,NC,잠실,"10,909"
2024/06/20,목,삼성,SSG,대구,"13,024"
2024/06/20,목,한화,키움,청주,"9,000"
2024/06/21,금,KIA,한화,광주,"20,500"
2024/06/21,금,LG,KT,잠실,"15,537"
2024/06/21,금,키움,롯데,고척,"11,974"
2024/06/21,금,SSG,NC,문학,"13,560"
2024/06/21,금,삼성,두산,대구,"24,000"
2024/06/22,토,키움,롯데,고척,"16,000"
2024/06/22,토,SSG,NC,문학,"19,789"
2024/06/23,일,KIA,한화,광주,"19,085"
2024/06/23,일,KIA,한화,광주,"18,860"
2024/06/23,일,LG,KT,잠실,"11,417"
2024/06/23,일,LG,KT,잠실,"15,418"
2024/06/23,일,키움,롯데,고척,"16,000"
2024/06/23,일,SSG,NC,문학,"17,200"
2024/06/23,일,삼성,두산,대구,"20,680"
2024/06/23,일,삼성,두산,대구,"24,000"
2024/06/25,화,롯데,KIA,사직,"19,110"
2024/06/25,화,SSG,KT,문학,"9,629"
2024/06/25,화,키움,NC,고척,"5,159"
2024/06/25,화,한화,두산,한밭,"11,556"
2024/06/25,화,LG,삼성,잠실,"21,989"
2024/06/26,수,롯데,KIA,사직,"19,755"
2024/06/26,수,SSG,KT,문학,"10,229"
2024/06/26,수,키움,NC,고척,"4,698"
2024/06/26,수,한화,두산,한밭,"11,564"
2024/06/26,수,LG,삼성,잠실,"23,281"
2024/06/27,목,롯데,KIA,사직,"12,867"
2024/06/27,목,SSG,KT,문학,"10,684"
2024/06/27,목,키움,NC,고척,"4,726"
2024/06/27,목,한화,두산,한밭,"11,128"
2024/06/27,목,LG,삼성,잠실,"22,114"
2024/06/28,금,롯데,한화,사직,"22,758"
2024/06/28,금,NC,LG,창원,"13,506"
2024/06/28,금,두산,SSG,잠실,"17,367"
2024/06/28,금,KT,삼성,수원,"14,678"
2024/06/28,금,KIA,키움,광주,"18,601"
2024/06/29,토,두산,SSG,잠실,"20,020"
2024/06/30,일,NC,LG,창원,"6,991"
2024/06/30,일,두산,SSG,잠실,"13,985"
2024/06/30,일,KT,삼성,수원,"8,357"
2024/06/30,일,KT,삼성,수원,"12,253"
2024/07/02,화,삼성,KIA,대구,"13,230"
2024/07/02,화,한화,KT,한밭,"6,794"
2024/07/02,화,키움,LG,고척,"10,185"
2024/07/03,수,삼성,KIA,대구,"17,472"
2024/07/03,수,한화,KT,한밭,"9,009"
2024/07/03,수,키움,LG,고척,"11,135"
2024/07/03,수,두산,롯데,잠실,"19,727"
2024/07/03,수,NC,SSG,창원,"6,384"
2024/07/04,목,삼성,KIA,대구,"17,093"
2024/07/04,목,한화,KT,한밭,"8,330"
2024/07/04,목,키움,LG,고척,"12,819"
2024/07/04,목,두산,롯데,잠실,"19,372"
2024/07/04,목,NC,SSG,창원,"6,587"
2024/07/09,화,키움,한화,고척,"14,981"
2024/07/09,화,LG,KIA,잠실,"22,038"
2024/07/09,화,SSG,롯데,문학,"10,051"
2024/07/10,수,키움,한화,고척,"15,096"
2024/07/10,수,LG,KIA,잠실,"23,750"
2024/07/10,수,SSG,롯데,문학,"14,381"
2024/07/10,수,삼성,NC,대구,"12,507"
2024/07/10,수,KT,두산,수원,"8,079"
2024/07/11,목,키움,한화,고척,"15,205"
2024/07/11,목,LG,KIA,잠실,"23,750"
2024/07/11,목,SSG,롯데,문학,"15,842"
2024/07/11,목,삼성,NC,대구,"15,075"
2024/07/11,목,KT,두산,수원,"10,182"
2024/07/12,금,롯데,KT,사직,"21,545"
2024/07/12,금,한화,LG,한밭,"12,000"
2024/07/12,금,KIA,SSG,광주,"17,755"
2024/07/12,금,두산,삼성,잠실,"22,279"
2024/07/12,금,NC,키움,창원,"8,579"
2024/07/13,토,롯데,KT,사직,"22,758"
2024/07/13,토,한화,LG,한밭,"12,000"
2024/07/13,토,KIA,SSG,광주,"20,500"
2024/07/13,토,두산,삼성,잠실,"23,750"
2024/07/13,토,NC,키움,창원,"11,282"
2024/07/14,일,한화,LG,한밭,"12,000"
2024/07/14,일,KIA,SSG,광주,"15,444"
2024/07/14,일,두산,삼성,잠실,"23,750"
2024/07/16,화,키움,KT,고척,"5,851"
2024/07/16,화,롯데,두산,울산,"7,833"
2024/07/17,수,NC,한화,창원,"6,870"
2024/07/17,수,키움,KT,고척,"5,085"
2024/07/17,수,롯데,두산,울산,"9,354"
2024/07/17,수,LG,SSG,잠실,"11,773"
2024/07/17,수,KIA,삼성,광주,"13,904"
2024/07/18,목,NC,한화,창원,"7,550"
2024/07/18,목,키움,KT,고척,"5,040"
2024/07/18,목,롯데,두산,울산,"9,102"
2024/07/18,목,KIA,삼성,광주,"11,429"
2024/07/19,금,한화,KIA,한밭,"12,000"
2024/07/19,금,삼성,롯데,대구,"24,000"
2024/07/19,금,KT,NC,수원,"7,650"
2024/07/19,금,LG,두산,잠실,"23,750"
2024/07/19,금,SSG,키움,문학,"12,715"
2024/07/20,토,한화,KIA,한밭,"12,000"
2024/07/20,토,삼성,롯데,대구,"24,000"
2024/07/21,일,한화,KIA,한밭,"12,000"
2024/07/21,일,삼성,롯데,대구,"24,000"
2024/07/21,일,KT,NC,수원,"9,188"
2024/07/21,일,LG,두산,잠실,"23,211"
2024/07/21,일,SSG,키움,문학,"15,369"
2024/07/23,화,롯데,LG,사직,"18,416"
2024/07/23,화,KIA,NC,광주,"13,756"
2024/07/23,화,한화,삼성,한밭,"11,501"
2024/07/23,화,두산,키움,잠실,"7,292"
2024/07/24,수,KIA,NC,광주,"13,308"
2024/07/24,수,KT,SSG,수원,"6,449"
2024/07/24,수,한화,삼성,한밭,"11,882"
2024/07/24,수,두산,키움,잠실,"8,887"
2024/07/25,목,롯데,LG,사직,"20,322"
2024/07/25,목,KIA,NC,광주,"14,130"
2024/07/25,목,KT,SSG,수원,"7,067"
2024/07/25,목,두산,키움,잠실,"19,145"
2024/07/26,금,키움,KIA,고척,"16,000"
2024/07/26,금,삼성,KT,대구,"21,891"
2024/07/26,금,NC,롯데,창원,"17,891"
2024/07/26,금,SSG,두산,문학,"15,006"
2024/07/27,토,키움,KIA,고척,"16,000"
2024/07/27,토,삼성,KT,대구,"24,000"
2024/07/27,토,NC,롯데,창원,"17,891"
2024/07/27,토,SSG,두산,문학,"19,448"
2024/07/28,일,LG,한화,잠실,"23,750"
2024/07/28,일,키움,KIA,고척,"16,000"
2024/07/28,일,삼성,KT,대구,"23,104"
2024/07/28,일,NC,롯데,창원,"17,891"
2024/07/28,일,SSG,두산,문학,"17,619"
2024/07/30,화,KT,한화,수원,"14,210"
2024/07/30,화,SSG,롯데,문학,"17,550"
2024/07/30,화,키움,NC,고척,"6,925"
2024/07/30,화,KIA,두산,광주,"20,500"
2024/07/30,화,LG,삼성,잠실,"22,946"
2024/07/31,수,KT,한화,수원,"14,988"
2024/07/31,수,SSG,롯데,문학,"17,563"
2024/07/31,수,키움,NC,고척,"6,918"
2024/07/31,수,KIA,두산,광주,"18,693"
2024/07/31,수,LG,삼성,잠실,"23,409"
2024/08/01,목,KT,한화,수원,"15,197"
2024/08/01,목,SSG,롯데,문학,"18,828"
2024/08/01,목,키움,NC,고척,"7,306"
2024/08/01,목,KIA,두산,광주,"20,500"
2024/08/01,목,LG,삼성,잠실,"23,315"
2024/08/02,금,한화,KIA,한밭,"12,000"
2024/08/02,금,NC,KT,창원,"9,845"
2024/08/02,금,삼성,SSG,대구,"22,336"
2024/08/02,금,두산,키움,잠실,"13,209"
2024/08/03,토,한화,KIA,한밭,"12,000"
2024/08/03,토,롯데,LG,울산,"9,914"
2024/08/03,토,삼성,SSG,대구,"24,000"
2024/08/03,토,두산,키움,잠실,"15,527"
2024/08/04,일,NC,KT,창원,"9,568"
2024/08/04,일,삼성,SSG,대구,"20,416"
2024/08/06,화,삼성,한화,대구,"16,288"
2024/08/06,화,KIA,KT,광주,"14,457"
2024/08/06,화,두산,LG,잠실,"17,065"
2024/08/06,화,롯데,NC,사직,"17,068"
2024/08/06,화,키움,SSG,고척,"8,356"
2024/08/07,수,삼성,한화,대구,"17,114"
2024/08/07,수,KIA,KT,광주,"11,625"
2024/08/07,수,두산,LG,잠실,"15,883"
2024/08/07,수,롯데,NC,사직,"18,425"
2024/08/07,수,키움,SSG,고척,"7,792"
2024/08/08,목,삼성,한화,대구,"18,367"
2024/08/08,목,KIA,KT,광주,"11,011"
2024/08/08,목,두산,LG,잠실,"16,321"
2024/08/08,목,키움,SSG,고척,"8,000"
2024/08/09,금,KT,롯데,수원,"11,534"
2024/08/09,금,LG,NC,잠실,"14,131"
2024/08/09,금,SSG,두산,문학,"12,451"
2024/08/09,금,KIA,삼성,광주,"18,448"
2024/08/09,금,한화,키움,한밭,"11,302"
2024/08/10,토,KT,롯데,수원,"18,700"
2024/08/10,토,LG,NC,잠실,"19,151"
2024/08/10,토,SSG,두산,문학,"19,796"
2024/08/10,토,한화,키움,한밭,"12,000"
2024/08/11,일,KT,롯데,수원,"13,805"
2024/08/11,일,LG,NC,잠실,"18,902"
2024/08/11,일,SSG,두산,문학,"16,151"
2024/08/11,일,KIA,삼성,광주,"20,500"
2024/08/11,일,한화,키움,한밭,"12,000"
2024/08/13,화,키움,KIA,고척,"16,000"
2024/08/13,화,삼성,KT,대구,"15,109"
2024/08/13,화,한화,LG,한밭,"11,748"
2024/08/13,화,NC,SSG,창원,"5,121"
2024/08/14,수,키움,KIA,고척,"16,000"
2024/08/14,수,삼성,KT,대구,"20,435"
2024/08/14,수,한화,LG,한밭,"11,884"
2024/08/14,수,두산,롯데,잠실,"21,337"
2024/08/15,목,키움,KIA,고척,"16,000"
2024/08/15,목,삼성,KT,대구,"24,000"
2024/08/15,목,한화,LG,한밭,"12,000"
2024/08/15,목,두산,롯데,잠실,"23,750"
2024/08/15,목,NC,SSG,창원,"10,389"
2024/08/16,금,SSG,한화,문학,"21,057"
2024/08/16,금,LG,KIA,잠실,"23,750"
2024/08/16,금,KT,두산,수원,"11,443"
2024/08/16,금,NC,삼성,창원,"10,580"
2024/08/16,금,롯데,키움,사직,"21,181"
2024/08/17,토,SSG,한화,문학,"23,000"
2024/08/17,토,LG,KIA,잠실,"23,750"
2024/08/17,토,KT,두산,수원,"16,427"
2024/08/17,토,NC,삼성,창원,"17,891"
2024/08/17,토,롯데,키움,사직,"22,758"
2024/08/18,일,SSG,한화,문학,"22,545"
2024/08/18,일,LG,KIA,잠실,"23,750"
2024/08/18,일,KT,두산,수원,"12,164"
2024/08/18,일,NC,삼성,창원,"12,328"
2024/08/18,일,롯데,키움,사직,"20,740"
2024/08/20,화,한화,NC,청주,"8,429"
2024/08/20,화,삼성,두산,포항,"10,064"
2024/08/20,화,LG,SSG,잠실,"12,736"
2024/08/20,화,KT,키움,수원,"5,858"
2024/08/21,수,KIA,롯데,광주,"12,625"
2024/08/21,수,한화,NC,청주,"8,102"
2024/08/21,수,삼성,두산,포항,"10,268"
2024/08/21,수,LG,SSG,잠실,"12,008"
2024/08/21,수,KT,키움,수원,"6,288"
2024/08/22,목,KIA,롯데,광주,"12,693"
2024/08/22,목,LG,SSG,잠실,"11,917"
2024/08/22,목,KT,키움,수원,"6,181"
2024/08/23,금,두산,한화,잠실,"23,750"
2024/08/23,금,NC,KIA,창원,"13,524"
2024/08/23,금,SSG,KT,문학,"10,972"
2024/08/23,금,키움,LG,고척,"13,852"
2024/08/23,금,삼성,롯데,대구,"24,000"
2024/08/24,토,두산,한화,잠실,"23,750"
2024/08/24,토,NC,KIA,창원,"16,489"
2024/08/24,토,SSG,KT,문학,"17,053"
2024/08/24,토,키움,LG,고척,"16,000"
2024/08/24,토,삼성,롯데,대구,"24,000"
2024/08/25,일,두산,한화,잠실,"23,750"
2024/08/25,일,NC,KIA,창원,"11,712"
2024/08/25,일,SSG,KT,문학,"16,595"
2024/08/25,일,키움,LG,고척,"16,000"
2024/08/25,일,삼성,롯데,대구,"24,000"
2024/08/27,화,롯데,한화,사직,"18,113"
2024/08/27,화,LG,KT,잠실,"12,678"
2024/08/27,화,NC,두산,창원,"4,814"
2024/08/27,화,KIA,SSG,광주,"13,038"
2024/08/27,화,키움,삼성,고척,"14,421"
2024/08/28,수,롯데,한화,사직,"22,758"
2024/08/28,수,LG,KT,잠실,"13,848"
2024/08/28,수,NC,두산,창원,"5,869"
2024/08/28,수,KIA,SSG,광주,"13,155"
2024/08/28,수,키움,삼성,고척,"13,929"
2024/08/29,목,롯데,한화,사직,"19,434"
2024/08/29,목,LG,KT,잠실,"13,832"
2024/08/29,목,NC,두산,창원,"5,985"
2024/08/29,목,KIA,SSG,광주,"12,931"
2024/08/29,목,키움,삼성,고척,"14,903"
2024/08/30,금,KT,LG,수원,"12,128"
2024/08/30,금,키움,롯데,고척,"15,073"
2024/08/31,토,삼성,KIA,대구,"24,000"
2024/08/31,토,한화,KT,한밭,"12,000"
2024/08/31,토,두산,롯데,잠실,"23,750"
2024/08/31,토,SSG,NC,문학,"17,039"
2024/09/01,일,삼성,KIA,대구,"24,000"
2024/09/01,일,두산,롯데,잠실,"23,750"
2024/09/01,일,SSG,NC,문학,"13,039"
2024/09/03,화,KIA,LG,광주,"13,089"
2024/09/03,화,삼성,롯데,대구,"24,000"
2024/09/03,화,한화,두산,한밭,"12,000"
2024/09/03,화,NC,키움,창원,"3,394"
2024/09/04,수,KIA,한화,광주,"15,328"
2024/09/04,수,롯데,KT,사직,"14,041"
2024/09/04,수,삼성,두산,대구,"24,000"
2024/09/04,수,LG,SSG,잠실,"13,229"
2024/09/04,수,NC,키움,창원,"4,956"
2024/09/05,목,KIA,한화,광주,"16,083"
2024/09/05,목,롯데,KT,사직,"15,864"
2024/09/05,목,LG,SSG,잠실,"12,115"
2024/09/05,목,NC,키움,창원,"5,214"
2024/09/06,금,LG,한화,잠실,"23,750"
2024/09/06,금,NC,KT,창원,"5,868"
2024/09/06,금,롯데,삼성,사직,"22,464"
2024/09/06,금,KIA,키움,광주,"17,103"
2024/09/07,토,LG,한화,잠실,"23,750"
2024/09/07,토,삼성,NC,대구,"24,000"
2024/09/07,토,KT,두산,수원,"18,700"
2024/09/07,토,롯데,SSG,사직,"22,758"
2024/09/07,토,KIA,키움,광주,"20,500"
2024/09/08,일,LG,한화,잠실,"23,750"
2024/09/08,일,삼성,NC,대구,"24,000"
2024/09/08,일,롯데,SSG,사직,"18,116"
2024/09/08,일,KIA,키움,광주,"20,500"
2024/09/10,화,SSG,한화,문학,"19,109"
2024/09/10,화,LG,롯데,잠실,"23,750"
2024/09/10,화,KT,NC,수원,"6,721"
2024/09/10,화,키움,두산,고척,"13,822"
2024/09/11,수,SSG,롯데,문학,"16,051"
2024/09/11,수,KT,NC,수원,"5,815"
2024/09/11,수,한화,삼성,한밭,"11,670"
2024/09/11,수,LG,키움,잠실,"13,393"
2024/09/12,목,KIA,롯데,광주,"20,500"
2024/09/12,목,KT,NC,수원,"5,962"
2024/09/12,목,한화,삼성,한밭,"11,719"
2024/09/13,금,롯데,한화,사직,"19,675"
2024/09/14,토,롯데,한화,사직,"21,514"
2024/09/14,토,두산,KT,잠실,"23,750"
2024/09/14,토,NC,LG,창원,"15,383"
2024/09/14,토,SSG,삼성,문학,"23,000"
2024/09/14,토,KIA,키움,광주,"20,500"
2024/09/15,일,롯데,한화,사직,"22,758"
2024/09/15,일,NC,LG,창원,"10,826"
2024/09/15,일,SSG,삼성,문학,"23,000"
2024/09/15,일,KIA,키움,광주,"20,500"
2024/09/16,월,KT,KIA,수원,"18,700"
2024/09/16,월,두산,키움,잠실,"18,894"
2024/09/17,화,NC,한화,창원,"9,403"
2024/09/17,화,SSG,KIA,문학,"23,000"
2024/09/17,화,키움,KT,고척,"11,032"
2024/09/17,화,롯데,LG,사직,"18,742"
2024/09/17,화,두산,삼성,잠실,"23,750"
2024/09/18,수,NC,한화,창원,"9,268"
2024/09/18,수,롯데,LG,사직,"21,147"
2024/09/18,수,KT,삼성,수원,"18,700"
2024/09/19,목,NC,한화,창원,"6,010"
2024/09/19,목,두산,KIA,잠실,"23,750"
2024/09/19,목,롯데,LG,사직,"16,895"
2024/09/19,목,KT,삼성,수원,"12,617"
2024/09/19,목,SSG,키움,문학,"14,848"
2024/09/21,토,LG,두산,잠실,"23,236"
2024/09/21,토,LG,두산,잠실,"23,750"
2024/09/21,토,KT,SSG,수원,"15,805"
2024/09/22,일,한화,롯데,한밭,"12,000"
2024/09/22,일,LG,두산,잠실,"23,750"
2024/09/22,일,KT,SSG,수원,"15,049"
2024/09/22,일,삼성,키움,대구,"24,000"
2024/09/23,월,한화,롯데,한밭,"10,407"
2024/09/23,월,두산,SSG,잠실,"22,489"
2024/09/23,월,KIA,삼성,광주,"20,500"
2024/09/24,화,키움,한화,고척,"16,000"
2024/09/24,화,SSG,LG,문학,"19,911"
2024/09/24,화,KT,롯데,수원,"13,304"
2024/09/24,화,두산,NC,잠실,"22,064"
2024/09/24,화,KIA,삼성,광주,"20,500"
2024/09/25,수,LG,한화,잠실,"23,750"
2024/09/25,수,KIA,롯데,광주,"20,500"
2024/09/25,수,NC,SSG,창원,"6,157"
2024/09/25,수,삼성,키움,대구,"24,000"
2024/09/26,목,롯데,두산,사직,"18,727"
2024/09/26,목,NC,SSG,창원,"6,377"
2024/09/26,목,LG,키움,잠실,"21,593"
2024/09/27,금,한화,KIA,한밭,"12,000"
2024/09/27,금,롯데,NC,사직,"22,758"
2024/09/27,금,KT,키움,수원,"12,824"
2024/09/28,토,롯데,KIA,사직,"22,758"
2024/09/28,토,삼성,LG,대구,"24,000"
2024/09/28,토,NC,두산,창원,"17,891"
2024/09/28,토,한화,SSG,한밭,"12,000"
2024/09/28,토,KT,키움,수원,"18,700"
2024/09/29,일,한화,NC,한밭,"12,000"
2024/09/30,월,KIA,NC,광주,"20,500"
2024/09/30,월,SSG,키움,문학,"23,000"
2024/10/01,화,NC,롯데,창원,"17,891"
